ds,y,promo,dow
2022-01-01,1039.97,1,5
2022-01-02,957.09,1,6
2022-01-03,1082.98,0,0
2022-01-04,1261.04,0,1
2022-01-05,1013.17,0,2
2022-01-06,972.51,0,3
2022-01-07,944.63,0,4
2022-01-08,1001.07,1,5
2022-01-09,1082.58,1,6
2022-01-10,941.27,0,0
2022-01-11,1273.52,0,1
2022-01-12,1304.61,0,2
2022-01-13,1127.85,0,3
2022-01-14,1063.02,0,4
2022-01-15,1102.27,1,5
2022-01-16,1021.07,1,6
2022-01-17,1081.72,0,0
2022-01-18,1107.89,0,1
2022-01-19,1332.79,0,2
2022-01-20,1134.28,0,3
2022-01-21,949.75,0,4
2022-01-22,1009.55,1,5
2022-01-23,1251.26,1,6
2022-01-24,1047.03,0,0
2022-01-25,1178.47,0,1
2022-01-26,1227.15,0,2
2022-01-27,1209.8,0,3
2022-01-28,1021.96,0,4
2022-01-29,1140.05,1,5
2022-01-30,1193.05,1,6
2022-01-31,1293.42,0,0
2022-02-01,1197.29,0,1
2022-02-02,1227.61,0,2
2022-02-03,1091.51,0,3
2022-02-04,1063.18,0,4
2022-02-05,1231.5,1,5
2022-02-06,1158.19,1,6
2022-02-07,1010.9,0,0
2022-02-08,1170.97,0,1
2022-02-09,1359.21,0,2
2022-02-10,1262.34,0,3
2022-02-11,1070.83,0,4
2022-02-12,1070.31,1,5
2022-02-13,1210.81,1,6
2022-02-14,1120.93,0,0
2022-02-15,1289.43,0,1
2022-02-16,1395.22,0,2
2022-02-17,1224.09,0,3
2022-02-18,1097.9,0,4
2022-02-19,1160.04,1,5
2022-02-20,1232.65,1,6
2022-02-21,1185.22,0,0
2022-02-22,1134.44,0,1
2022-02-23,1288.47,0,2
2022-02-24,1166.81,0,3
2022-02-25,978.0,0,4
2022-02-26,1140.13,1,5
2022-02-27,1367.28,1,6
2022-02-28,1046.63,0,0
2022-03-01,1387.85,0,1
2022-03-02,1162.76,0,2
2022-03-03,1190.72,0,3
2022-03-04,1068.26,0,4
2022-03-05,1238.37,1,5
2022-03-06,1300.68,1,6
2022-03-07,1221.84,0,0
2022-03-08,1265.16,0,1
2022-03-09,1293.55,0,2
2022-03-10,1318.46,0,3
2022-03-11,1041.02,0,4
2022-03-12,1061.87,1,5
2022-03-13,1125.56,1,6
2022-03-14,1057.87,0,0
2022-03-15,1356.78,0,1
2022-03-16,1360.76,0,2
2022-03-17,1308.15,0,3
2022-03-18,1023.57,0,4
2022-03-19,1212.43,1,5
2022-03-20,1308.21,1,6
2022-03-21,1124.13,0,0
2022-03-22,1357.69,0,1
2022-03-23,1284.97,0,2
2022-03-24,1207.14,0,3
2022-03-25,1032.16,0,4
2022-03-26,1081.48,1,5
2022-03-27,1298.46,1,6
2022-03-28,1111.25,0,0
2022-03-29,1316.07,0,1
2022-03-30,1401.74,0,2
2022-03-31,1290.29,0,3
2022-04-01,1138.76,0,4
2022-04-02,1193.01,1,5
2022-04-03,1208.83,1,6
2022-04-04,1151.17,0,0
2022-04-05,1146.73,0,1
2022-04-06,1209.29,0,2
2022-04-07,1113.39,0,3
2022-04-08,972.21,0,4
2022-04-09,1241.91,1,5
2022-04-10,1159.3,1,6
2022-04-11,1120.11,0,0
2022-04-12,1443.86,0,1
2022-04-13,1316.54,0,2
2022-04-14,1317.27,0,3
2022-04-15,976.12,0,4
2022-04-16,1177.77,1,5
2022-04-17,1150.85,1,6
2022-04-18,1120.66,0,0
2022-04-19,1394.31,0,1
2022-04-20,1175.47,0,2
2022-04-21,1282.7,0,3
2022-04-22,1088.7,0,4
2022-04-23,1132.65,1,5
2022-04-24,1094.64,1,6
2022-04-25,1156.33,0,0
2022-04-26,1251.59,0,1
2022-04-27,1365.45,0,2
2022-04-28,1235.13,0,3
2022-04-29,1218.51,0,4
2022-04-30,1159.36,1,5
2022-05-01,1127.77,1,6
2022-05-02,1159.61,0,0
2022-05-03,1318.83,0,1
2022-05-04,1470.11,0,2
2022-05-05,1308.2,0,3
2022-05-06,1085.49,0,4
2022-05-07,1318.46,1,5
2022-05-08,1099.75,1,6
2022-05-09,1068.39,0,0
2022-05-10,1194.6,0,1
2022-05-11,1285.38,0,2
2022-05-12,1076.94,0,3
2022-05-13,1102.99,0,4
2022-05-14,1136.52,1,5
2022-05-15,1057.86,1,6
2022-05-16,1019.76,0,0
2022-05-17,1307.33,0,1
2022-05-18,1396.67,0,2
2022-05-19,1402.55,0,3
2022-05-20,1318.9,0,4
2022-05-21,1184.79,1,5
2022-05-22,1090.31,1,6
2022-05-23,895.51,0,0
2022-05-24,1289.93,0,1
2022-05-25,1218.54,0,2
2022-05-26,1148.12,0,3
2022-05-27,952.89,0,4
2022-05-28,1112.08,1,5
2022-05-29,1278.45,1,6
2022-05-30,1110.44,0,0
2022-05-31,1233.14,0,1
2022-06-01,1181.94,0,2
2022-06-02,1007.69,0,3
2022-06-03,950.81,0,4
2022-06-04,1102.08,1,5
2022-06-05,1329.74,1,6
2022-06-06,1092.63,0,0
2022-06-07,1332.0,0,1
2022-06-08,1220.15,0,2
2022-06-09,1041.1,0,3
2022-06-10,887.23,0,4
2022-06-11,1014.98,1,5
2022-06-12,1345.69,1,6
2022-06-13,981.4,0,0
2022-06-14,1301.4,0,1
2022-06-15,1163.51,0,2
2022-06-16,1236.37,0,3
2022-06-17,1005.76,0,4
2022-06-18,1050.95,1,5
2022-06-19,1107.77,1,6
2022-06-20,981.32,0,0
2022-06-21,1245.34,0,1
2022-06-22,1191.41,0,2
2022-06-23,1003.69,0,3
2022-06-24,822.45,0,4
2022-06-25,1062.35,1,5
2022-06-26,1248.17,1,6
2022-06-27,1045.62,0,0
2022-06-28,1171.65,0,1
2022-06-29,1248.24,0,2
2022-06-30,1239.57,0,3
2022-07-01,954.87,0,4
2022-07-02,982.17,1,5
2022-07-03,1179.04,1,6
2022-07-04,1552.09,2,0
2022-07-05,1319.74,0,1
2022-07-06,1220.63,0,2
2022-07-07,969.18,0,3
2022-07-08,778.79,0,4
2022-07-09,1166.54,1,5
2022-07-10,1218.99,1,6
2022-07-11,977.06,0,0
2022-07-12,1110.62,0,1
2022-07-13,1331.27,0,2
2022-07-14,963.78,0,3
2022-07-15,809.04,0,4
2022-07-16,1044.31,1,5
2022-07-17,985.77,1,6
2022-07-18,977.59,0,0
2022-07-19,1115.75,0,1
2022-07-20,1202.11,0,2
2022-07-21,1198.55,0,3
2022-07-22,890.98,0,4
2022-07-23,1023.56,1,5
2022-07-24,799.52,1,6
2022-07-25,956.92,0,0
2022-07-26,1031.57,0,1
2022-07-27,1030.39,0,2
2022-07-28,954.02,0,3
2022-07-29,832.66,0,4
2022-07-30,1030.93,1,5
2022-07-31,852.24,1,6
2022-08-01,949.4,0,0
2022-08-02,1052.16,0,1
2022-08-03,1104.33,0,2
2022-08-04,1127.09,0,3
2022-08-05,905.01,0,4
2022-08-06,1054.52,1,5
2022-08-07,951.07,1,6
2022-08-08,862.37,0,0
2022-08-09,1064.0,0,1
2022-08-10,1147.33,0,2
2022-08-11,1030.63,0,3
2022-08-12,729.11,0,4
2022-08-13,912.83,1,5
2022-08-14,972.59,1,6
2022-08-15,1170.64,0,0
2022-08-16,1261.2,0,1
2022-08-17,1025.09,0,2
2022-08-18,971.78,0,3
2022-08-19,678.97,0,4
2022-08-20,829.51,1,5
2022-08-21,966.41,1,6
2022-08-22,1027.91,0,0
2022-08-23,989.27,0,1
2022-08-24,1033.9,0,2
2022-08-25,774.92,0,3
2022-08-26,798.42,0,4
2022-08-27,769.18,1,5
2022-08-28,869.05,1,6
2022-08-29,809.75,0,0
2022-08-30,1043.11,0,1
2022-08-31,914.16,0,2
2022-09-01,833.83,0,3
2022-09-02,1018.75,0,4
2022-09-03,735.77,1,5
2022-09-04,801.74,1,6
2022-09-05,1073.08,0,0
2022-09-06,1335.26,0,1
2022-09-07,965.27,0,2
2022-09-08,936.48,0,3
2022-09-09,833.03,0,4
2022-09-10,1028.87,1,5
2022-09-11,804.58,1,6
2022-09-12,858.76,0,0
2022-09-13,1116.68,0,1
2022-09-14,1120.38,0,2
2022-09-15,930.46,0,3
2022-09-16,780.57,0,4
2022-09-17,712.54,1,5
2022-09-18,873.85,1,6
2022-09-19,852.61,0,0
2022-09-20,1058.43,0,1
2022-09-21,1017.94,0,2
2022-09-22,1012.1,0,3
2022-09-23,892.39,0,4
2022-09-24,862.24,1,5
2022-09-25,929.89,1,6
2022-09-26,882.66,0,0
2022-09-27,1033.62,0,1
2022-09-28,1000.02,0,2
2022-09-29,995.61,0,3
2022-09-30,780.71,0,4
2022-10-01,1055.38,1,5
2022-10-02,1051.81,1,6
2022-10-03,916.18,0,0
2022-10-04,957.87,0,1
2022-10-05,961.81,0,2
2022-10-06,1084.26,0,3
2022-10-07,818.21,0,4
2022-10-08,896.16,1,5
2022-10-09,722.48,1,6
2022-10-10,972.76,0,0
2022-10-11,1082.35,0,1
2022-10-12,965.05,0,2
2022-10-13,921.34,0,3
2022-10-14,821.97,0,4
2022-10-15,858.17,1,5
2022-10-16,872.88,1,6
2022-10-17,874.24,0,0
2022-10-18,1016.58,0,1
2022-10-19,1096.52,0,2
2022-10-20,1121.12,0,3
2022-10-21,544.7,0,4
2022-10-22,836.66,1,5
2022-10-23,927.54,1,6
2022-10-24,920.85,0,0
2022-10-25,1011.54,0,1
2022-10-26,912.84,0,2
2022-10-27,1014.3,0,3
2022-10-28,981.92,0,4
2022-10-29,716.91,1,5
2022-10-30,1006.57,1,6
2022-10-31,867.06,0,0
2022-11-01,1051.54,0,1
2022-11-02,992.44,0,2
2022-11-03,957.55,0,3
2022-11-04,948.95,0,4
2022-11-05,940.92,1,5
2022-11-06,1106.11,1,6
2022-11-07,1028.21,0,0
2022-11-08,1112.4,0,1
2022-11-09,1283.19,0,2
2022-11-10,1046.21,0,3
2022-11-11,913.31,0,4
2022-11-12,867.59,1,5
2022-11-13,954.43,1,6
2022-11-14,853.02,0,0
2022-11-15,1179.98,0,1
2022-11-16,1003.73,0,2
2022-11-17,1093.54,0,3
2022-11-18,824.67,0,4
2022-11-19,1031.0,1,5
2022-11-20,1039.77,1,6
2022-11-21,1118.71,0,0
2022-11-22,1168.19,0,1
2022-11-23,978.65,0,2
2022-11-24,1023.11,0,3
2022-11-25,741.23,0,4
2022-11-26,880.48,1,5
2022-11-27,1134.47,1,6
2022-11-28,1015.66,0,0
2022-11-29,1040.66,0,1
2022-11-30,1050.11,0,2
2022-12-01,1048.87,0,3
2022-12-02,752.74,0,4
2022-12-03,885.18,1,5
2022-12-04,1034.73,1,6
2022-12-05,1083.88,0,0
2022-12-06,1188.02,0,1
2022-12-07,939.08,0,2
2022-12-08,1092.91,0,3
2022-12-09,898.61,0,4
2022-12-10,1014.93,1,5
2022-12-11,1186.56,1,6
2022-12-12,779.41,0,0
2022-12-13,1085.53,0,1
2022-12-14,1244.92,0,2
2022-12-15,922.03,0,3
2022-12-16,1056.82,0,4
2022-12-17,1032.6,1,5
2022-12-18,1131.93,1,6
2022-12-19,946.73,0,0
2022-12-20,1244.19,0,1
2022-12-21,1310.92,0,2
2022-12-22,1121.8,0,3
2022-12-23,951.05,0,4
2022-12-24,1045.68,1,5
2022-12-25,983.89,1,6
2022-12-26,1007.62,0,0
2022-12-27,1166.16,0,1
2022-12-28,1261.04,0,2
2022-12-29,1217.15,0,3
2022-12-30,840.44,0,4
2022-12-31,1431.55,3,5
2023-01-01,1242.41,1,6
2023-01-02,967.4,0,0
2023-01-03,1118.58,0,1
2023-01-04,1262.33,0,2
2023-01-05,1221.0,0,3
2023-01-06,966.82,0,4
2023-01-07,1198.79,1,5
2023-01-08,1203.14,1,6
2023-01-09,1144.61,0,0
2023-01-10,1274.85,0,1
2023-01-11,1493.47,0,2
2023-01-12,1134.61,0,3
2023-01-13,783.84,0,4
2023-01-14,1249.21,1,5
2023-01-15,1094.52,1,6
2023-01-16,1089.55,0,0
2023-01-17,1368.66,0,1
2023-01-18,1118.67,0,2
2023-01-19,1048.07,0,3
2023-01-20,842.09,0,4
2023-01-21,1031.63,1,5
2023-01-22,1206.38,1,6
2023-01-23,1148.93,0,0
2023-01-24,1282.98,0,1
2023-01-25,1155.15,0,2
2023-01-26,959.64,0,3
2023-01-27,1024.95,0,4
2023-01-28,1085.15,1,5
2023-01-29,1229.49,1,6
2023-01-30,1183.62,0,0
2023-01-31,1285.94,0,1
2023-02-01,1389.06,0,2
2023-02-02,1230.05,0,3
2023-02-03,1088.84,0,4
2023-02-04,1081.89,1,5
2023-02-05,1185.42,1,6
2023-02-06,1148.93,0,0
2023-02-07,1369.84,0,1
2023-02-08,1289.16,0,2
2023-02-09,1274.55,0,3
2023-02-10,1024.38,0,4
2023-02-11,1159.1,1,5
2023-02-12,1304.58,1,6
2023-02-13,944.5,0,0
2023-02-14,1172.48,0,1
2023-02-15,1194.46,0,2
2023-02-16,1003.0,0,3
2023-02-17,996.85,0,4
2023-02-18,1262.5,1,5
2023-02-19,1209.56,1,6
2023-02-20,1176.63,0,0
2023-02-21,1423.87,0,1
2023-02-22,1488.04,0,2
2023-02-23,1241.81,0,3
2023-02-24,1212.16,0,4
2023-02-25,1211.44,1,5
2023-02-26,1168.68,1,6
2023-02-27,1108.8,0,0
2023-02-28,1178.03,0,1
2023-03-01,1277.33,0,2
2023-03-02,1223.54,0,3
2023-03-03,1167.51,0,4
2023-03-04,1386.74,1,5
2023-03-05,1126.31,1,6
2023-03-06,1217.08,0,0
2023-03-07,1231.31,0,1
2023-03-08,1422.63,0,2
2023-03-09,1254.97,0,3
2023-03-10,912.52,0,4
2023-03-11,1317.54,1,5
2023-03-12,1213.71,1,6
2023-03-13,1132.01,0,0
2023-03-14,1235.71,0,1
2023-03-15,1316.75,0,2
2023-03-16,1317.6,0,3
2023-03-17,1083.12,0,4
2023-03-18,1265.08,1,5
2023-03-19,1317.54,1,6
2023-03-20,1323.01,0,0
2023-03-21,1313.66,0,1
2023-03-22,1239.45,0,2
2023-03-23,1386.18,0,3
2023-03-24,1073.24,0,4
2023-03-25,1348.55,1,5
2023-03-26,1324.18,1,6
2023-03-27,1181.26,0,0
2023-03-28,1385.93,0,1
2023-03-29,1585.04,0,2
2023-03-30,1489.66,0,3
2023-03-31,1115.52,0,4
2023-04-01,1255.28,1,5
2023-04-02,1395.25,1,6
2023-04-03,1111.07,0,0
2023-04-04,1385.31,0,1
2023-04-05,1388.0,0,2
2023-04-06,1313.68,0,3
2023-04-07,1025.27,0,4
2023-04-08,1079.77,1,5
2023-04-09,1079.41,1,6
2023-04-10,1082.99,0,0
2023-04-11,1304.92,0,1
2023-04-12,1359.74,0,2
2023-04-13,1474.18,0,3
2023-04-14,1217.06,0,4
2023-04-15,1139.29,1,5
2023-04-16,1317.86,1,6
2023-04-17,1150.96,0,0
2023-04-18,1318.99,0,1
2023-04-19,1403.93,0,2
2023-04-20,1338.41,0,3
2023-04-21,1068.28,0,4
2023-04-22,1336.0,1,5
2023-04-23,1162.65,1,6
2023-04-24,1187.15,0,0
2023-04-25,1601.75,0,1
2023-04-26,1401.97,0,2
2023-04-27,1413.79,0,3
2023-04-28,1105.04,0,4
2023-04-29,1279.28,1,5
2023-04-30,1262.39,1,6
2023-05-01,1162.32,0,0
2023-05-02,1256.6,0,1
2023-05-03,1414.98,0,2
2023-05-04,1177.33,0,3
2023-05-05,1154.19,0,4
2023-05-06,1318.89,1,5
2023-05-07,1293.56,1,6
2023-05-08,1141.68,0,0
2023-05-09,1370.63,0,1
2023-05-10,1331.51,0,2
2023-05-11,1346.21,0,3
2023-05-12,894.42,0,4
2023-05-13,1163.73,1,5
2023-05-14,1044.44,1,6
2023-05-15,1009.99,0,0
2023-05-16,1450.57,0,1
2023-05-17,1440.61,0,2
2023-05-18,1169.2,0,3
2023-05-19,915.57,0,4
2023-05-20,885.71,1,5
2023-05-21,1173.77,1,6
2023-05-22,1389.14,0,0
2023-05-23,1345.07,0,1
2023-05-24,1282.32,0,2
2023-05-25,1274.63,0,3
2023-05-26,896.5,0,4
2023-05-27,1135.48,1,5
2023-05-28,1220.88,1,6
2023-05-29,1124.7,0,0
2023-05-30,1366.68,0,1
2023-05-31,1358.59,0,2
2023-06-01,1280.63,0,3
2023-06-02,969.26,0,4
2023-06-03,1236.49,1,5
2023-06-04,1355.12,1,6
2023-06-05,1021.31,0,0
2023-06-06,1183.7,0,1
2023-06-07,1442.42,0,2
2023-06-08,1179.24,0,3
2023-06-09,1162.92,0,4
2023-06-10,1082.67,1,5
2023-06-11,1317.78,1,6
2023-06-12,1115.53,0,0
2023-06-13,1282.23,0,1
2023-06-14,1449.14,0,2
2023-06-15,1145.92,0,3
2023-06-16,912.05,0,4
2023-06-17,1061.29,1,5
2023-06-18,1196.62,1,6
2023-06-19,929.15,0,0
2023-06-20,1303.41,0,1
2023-06-21,1221.97,0,2
2023-06-22,1279.98,0,3
2023-06-23,749.77,0,4
2023-06-24,1006.04,1,5
2023-06-25,961.22,1,6
2023-06-26,985.97,0,0
2023-06-27,1247.25,0,1
2023-06-28,1240.71,0,2
2023-06-29,1122.61,0,3
2023-06-30,956.0,0,4
2023-07-01,1083.22,1,5
2023-07-02,1007.18,1,6
2023-07-03,1121.94,0,0
2023-07-04,1846.53,2,1
2023-07-05,1279.79,0,2
2023-07-06,1186.25,0,3
2023-07-07,984.22,0,4
2023-07-08,1244.55,1,5
2023-07-09,1077.51,1,6
2023-07-10,1003.26,0,0
2023-07-11,1112.53,0,1
2023-07-12,1120.83,0,2
2023-07-13,988.96,0,3
2023-07-14,848.55,0,4
2023-07-15,1012.44,1,5
2023-07-16,1098.18,1,6
2023-07-17,1022.1,0,0
2023-07-18,1094.42,0,1
2023-07-19,1297.23,0,2
2023-07-20,1170.59,0,3
2023-07-21,904.78,0,4
2023-07-22,933.3,1,5
2023-07-23,1098.78,1,6
2023-07-24,1019.38,0,0
2023-07-25,1009.85,0,1
2023-07-26,1184.22,0,2
2023-07-27,1106.76,0,3
2023-07-28,814.81,0,4
2023-07-29,997.58,1,5
2023-07-30,878.63,1,6
2023-07-31,1118.61,0,0
2023-08-01,1264.0,0,1
2023-08-02,1150.45,0,2
2023-08-03,1101.73,0,3
2023-08-04,648.77,0,4
2023-08-05,844.21,1,5
2023-08-06,976.18,1,6
2023-08-07,863.23,0,0
2023-08-08,1196.27,0,1
2023-08-09,1361.23,0,2
2023-08-10,933.71,0,3
2023-08-11,792.17,0,4
2023-08-12,966.15,1,5
2023-08-13,1149.66,1,6
2023-08-14,834.94,0,0
2023-08-15,1136.67,0,1
2023-08-16,1330.76,0,2
2023-08-17,873.53,0,3
2023-08-18,735.36,0,4
2023-08-19,884.77,1,5
2023-08-20,921.3,1,6
2023-08-21,1026.64,0,0
2023-08-22,1124.36,0,1
2023-08-23,959.8,0,2
2023-08-24,1079.14,0,3
2023-08-25,794.85,0,4
2023-08-26,1041.12,1,5
2023-08-27,897.44,1,6
2023-08-28,871.58,0,0
2023-08-29,1144.42,0,1
2023-08-30,1203.95,0,2
2023-08-31,1063.03,0,3
2023-09-01,674.92,0,4
2023-09-02,956.23,1,5
2023-09-03,845.85,1,6
2023-09-04,950.45,0,0
2023-09-05,939.88,0,1
2023-09-06,1164.51,0,2
2023-09-07,930.06,0,3
2023-09-08,707.99,0,4
2023-09-09,964.94,1,5
2023-09-10,964.94,1,6
2023-09-11,859.14,0,0
2023-09-12,1221.27,0,1
2023-09-13,1070.0,0,2
2023-09-14,1008.41,0,3
2023-09-15,857.92,0,4
2023-09-16,825.26,1,5
2023-09-17,981.92,1,6
2023-09-18,862.85,0,0
2023-09-19,1030.95,0,1
2023-09-20,1246.6,0,2
2023-09-21,897.7,0,3
2023-09-22,586.61,0,4
2023-09-23,1044.61,1,5
2023-09-24,1186.41,1,6
2023-09-25,873.45,0,0
2023-09-26,876.52,0,1
2023-09-27,1077.68,0,2
2023-09-28,971.85,0,3
2023-09-29,807.91,0,4
2023-09-30,771.15,1,5
2023-10-01,988.8,1,6
2023-10-02,966.38,0,0
2023-10-03,921.02,0,1
2023-10-04,1179.21,0,2
2023-10-05,1206.61,0,3
2023-10-06,845.29,0,4
2023-10-07,850.45,1,5
2023-10-08,918.72,1,6
2023-10-09,977.57,0,0
2023-10-10,899.82,0,1
2023-10-11,1128.47,0,2
2023-10-12,965.34,0,3
2023-10-13,1016.22,0,4
2023-10-14,871.16,1,5
2023-10-15,1104.49,1,6
2023-10-16,809.93,0,0
2023-10-17,1136.18,0,1
2023-10-18,1148.84,0,2
2023-10-19,922.65,0,3
2023-10-20,854.66,0,4
2023-10-21,1016.88,1,5
2023-10-22,912.74,1,6
2023-10-23,757.48,0,0
2023-10-24,1082.36,0,1
2023-10-25,1033.61,0,2
2023-10-26,982.57,0,3
2023-10-27,836.29,0,4
2023-10-28,734.66,1,5
2023-10-29,793.5,1,6
2023-10-30,983.27,0,0
2023-10-31,1040.51,0,1
2023-11-01,876.32,0,2
2023-11-02,1104.5,0,3
2023-11-03,881.17,0,4
2023-11-04,845.86,1,5
2023-11-05,835.74,1,6
2023-11-06,1028.93,0,0
2023-11-07,1138.27,0,1
2023-11-08,1381.87,0,2
2023-11-09,1079.11,0,3
2023-11-10,904.03,0,4
2023-11-11,914.84,1,5
2023-11-12,1063.7,1,6
2023-11-13,1019.92,0,0
2023-11-14,1240.81,0,1
2023-11-15,1104.01,0,2
2023-11-16,1006.31,0,3
2023-11-17,830.34,0,4
2023-11-18,1026.97,1,5
2023-11-19,1148.49,1,6
2023-11-20,925.19,0,0
2023-11-21,1087.03,0,1
2023-11-22,1201.64,0,2
2023-11-23,1039.57,0,3
2023-11-24,987.95,0,4
2023-11-25,740.9,1,5
2023-11-26,934.42,1,6
2023-11-27,907.91,0,0
2023-11-28,912.74,0,1
2023-11-29,1089.31,0,2
2023-11-30,988.25,0,3
2023-12-01,888.43,0,4
2023-12-02,1097.15,1,5
2023-12-03,1012.56,1,6
2023-12-04,899.35,0,0
2023-12-05,1155.51,0,1
2023-12-06,1307.18,0,2
2023-12-07,998.91,0,3
2023-12-08,834.36,0,4
2023-12-09,1062.8,1,5
2023-12-10,1036.16,1,6
2023-12-11,1084.45,0,0
2023-12-12,1177.23,0,1
2023-12-13,1289.93,0,2
2023-12-14,1010.61,0,3
2023-12-15,941.93,0,4
2023-12-16,1007.97,1,5
2023-12-17,958.95,1,6
2023-12-18,881.36,0,0
2023-12-19,1265.27,0,1
2023-12-20,1202.84,0,2
2023-12-21,1030.14,0,3
2023-12-22,951.84,0,4
2023-12-23,1164.65,1,5
2023-12-24,875.34,1,6
2023-12-25,906.54,0,0
2023-12-26,1122.95,0,1
2023-12-27,1402.65,0,2
2023-12-28,1179.25,0,3
2023-12-29,1056.85,0,4
2023-12-30,961.02,1,5
2023-12-31,1436.18,3,6
2024-01-01,1120.36,0,0
2024-01-02,1240.45,0,1
2024-01-03,1330.8,0,2
2024-01-04,1151.62,0,3
2024-01-05,1027.32,0,4
2024-01-06,1114.9,1,5
2024-01-07,1228.44,1,6
2024-01-08,1174.98,0,0
2024-01-09,1091.31,0,1
2024-01-10,1069.84,0,2
2024-01-11,1289.17,0,3
2024-01-12,1136.84,0,4
2024-01-13,1019.99,1,5
2024-01-14,987.58,1,6
2024-01-15,1122.58,0,0
2024-01-16,1364.72,0,1
2024-01-17,1492.59,0,2
2024-01-18,1258.81,0,3
2024-01-19,999.01,0,4
2024-01-20,1055.1,1,5
2024-01-21,1196.96,1,6
2024-01-22,1100.6,0,0
2024-01-23,1187.87,0,1
2024-01-24,1535.35,0,2
2024-01-25,1403.23,0,3
2024-01-26,1167.2,0,4
2024-01-27,1073.77,1,5
2024-01-28,1302.6,1,6
2024-01-29,1211.53,0,0
2024-01-30,1350.54,0,1
2024-01-31,1472.21,0,2
2024-02-01,1304.88,0,3
2024-02-02,1144.08,0,4
2024-02-03,1249.78,1,5
2024-02-04,1271.21,1,6
2024-02-05,985.21,0,0
2024-02-06,1330.48,0,1
2024-02-07,1307.28,0,2
2024-02-08,1128.85,0,3
2024-02-09,1253.57,0,4
2024-02-10,1377.72,1,5
2024-02-11,1391.55,1,6
2024-02-12,1203.83,0,0
2024-02-13,1471.73,0,1
2024-02-14,1378.45,0,2
2024-02-15,1291.25,0,3
2024-02-16,989.97,0,4
2024-02-17,1261.49,1,5
2024-02-18,1278.37,1,6
2024-02-19,1061.32,0,0
2024-02-20,1344.6,0,1
2024-02-21,1382.1,0,2
2024-02-22,1463.32,0,3
2024-02-23,1201.09,0,4
2024-02-24,1237.91,1,5
2024-02-25,1311.88,1,6
2024-02-26,1207.64,0,0
2024-02-27,1340.81,0,1
2024-02-28,1292.96,0,2
2024-02-29,1279.33,0,3
2024-03-01,1047.68,0,4
2024-03-02,1124.5,1,5
2024-03-03,1350.56,1,6
2024-03-04,1252.17,0,0
2024-03-05,1191.99,0,1
2024-03-06,1398.22,0,2
2024-03-07,1403.02,0,3
2024-03-08,1236.94,0,4
2024-03-09,1362.51,1,5
2024-03-10,1313.37,1,6
2024-03-11,1136.43,0,0
2024-03-12,1269.89,0,1
2024-03-13,1452.26,0,2
2024-03-14,1348.4,0,3
2024-03-15,1266.49,0,4
2024-03-16,1377.8,1,5
2024-03-17,1303.76,1,6
2024-03-18,1102.36,0,0
2024-03-19,1351.9,0,1
2024-03-20,1444.78,0,2
2024-03-21,1295.21,0,3
2024-03-22,1084.61,0,4
2024-03-23,1298.34,1,5
2024-03-24,1271.46,1,6
2024-03-25,1167.71,0,0
2024-03-26,1418.39,0,1
2024-03-27,1385.97,0,2
2024-03-28,1342.64,0,3
2024-03-29,1172.22,0,4
2024-03-30,1161.68,1,5
2024-03-31,1275.92,1,6
2024-04-01,1375.87,0,0
2024-04-02,1272.3,0,1
2024-04-03,1215.46,0,2
2024-04-04,1132.69,0,3
2024-04-05,1148.15,0,4
2024-04-06,1278.56,1,5
2024-04-07,1311.74,1,6
2024-04-08,1352.91,0,0
2024-04-09,1120.31,0,1
2024-04-10,1465.5,0,2
2024-04-11,1473.49,0,3
2024-04-12,1030.62,0,4
2024-04-13,1234.64,1,5
2024-04-14,1244.98,1,6
2024-04-15,1139.3,0,0
2024-04-16,1351.91,0,1
2024-04-17,1565.3,0,2
2024-04-18,1497.43,0,3
2024-04-19,1105.85,0,4
2024-04-20,1457.62,1,5
2024-04-21,1317.95,1,6
2024-04-22,1399.25,0,0
2024-04-23,1370.06,0,1
2024-04-24,1430.21,0,2
2024-04-25,1344.5,0,3
2024-04-26,1451.3,0,4
2024-04-27,1344.18,1,5
2024-04-28,1235.25,1,6
2024-04-29,1313.9,0,0
2024-04-30,1336.04,0,1
2024-05-01,1360.69,0,2
2024-05-02,1391.1,0,3
2024-05-03,1128.54,0,4
2024-05-04,1276.41,1,5
2024-05-05,1296.54,1,6
2024-05-06,1241.87,0,0
2024-05-07,1405.67,0,1
2024-05-08,1206.65,0,2
2024-05-09,1357.32,0,3
2024-05-10,1017.4,0,4
2024-05-11,1091.56,1,5
2024-05-12,1276.22,1,6
2024-05-13,1206.04,0,0
2024-05-14,1283.01,0,1
2024-05-15,1472.41,0,2
2024-05-16,1145.17,0,3
2024-05-17,1063.4,0,4
2024-05-18,1162.45,1,5
2024-05-19,1262.28,1,6
2024-05-20,1213.35,0,0
2024-05-21,1239.18,0,1
2024-05-22,1449.12,0,2
2024-05-23,1272.87,0,3
2024-05-24,901.88,0,4
2024-05-25,1008.38,1,5
2024-05-26,1248.76,1,6
2024-05-27,1149.76,0,0
2024-05-28,1315.83,0,1
2024-05-29,1359.92,0,2
2024-05-30,1274.97,0,3
2024-05-31,1171.51,0,4
2024-06-01,1074.83,1,5
2024-06-02,1114.29,1,6
2024-06-03,1047.7,0,0
2024-06-04,1340.08,0,1
2024-06-05,1472.08,0,2
2024-06-06,1194.0,0,3
2024-06-07,811.15,0,4
2024-06-08,995.92,1,5
2024-06-09,1128.39,1,6
2024-06-10,1085.44,0,0
2024-06-11,1254.41,0,1
2024-06-12,1335.38,0,2
2024-06-13,1189.79,0,3
2024-06-14,1149.97,0,4
2024-06-15,1078.06,1,5
2024-06-16,1104.69,1,6
2024-06-17,1172.52,0,0
2024-06-18,1125.02,0,1
2024-06-19,1353.75,0,2
2024-06-20,1214.4,0,3
2024-06-21,1013.4,0,4
2024-06-22,1283.11,1,5
2024-06-23,1107.25,1,6
2024-06-24,1313.59,0,0
2024-06-25,1238.92,0,1
2024-06-26,1169.91,0,2
2024-06-27,1193.92,0,3
2024-06-28,903.27,0,4
2024-06-29,1027.33,1,5
2024-06-30,1187.36,1,6
2024-07-01,1145.79,0,0
2024-07-02,1181.9,0,1
2024-07-03,1379.0,0,2
2024-07-04,1824.36,2,3
2024-07-05,1137.17,0,4
2024-07-06,1133.6,1,5
2024-07-07,1262.16,1,6
2024-07-08,884.84,0,0
2024-07-09,1195.04,0,1
2024-07-10,1176.3,0,2
2024-07-11,1164.27,0,3
2024-07-12,919.21,0,4
2024-07-13,1042.44,1,5
2024-07-14,1292.5,1,6
2024-07-15,1038.91,0,0
2024-07-16,1251.23,0,1
2024-07-17,1222.86,0,2
2024-07-18,1143.08,0,3
2024-07-19,960.2,0,4
2024-07-20,1082.86,1,5
2024-07-21,1199.89,1,6
2024-07-22,1204.12,0,0
2024-07-23,1224.41,0,1
2024-07-24,1288.74,0,2
2024-07-25,1004.22,0,3
2024-07-26,934.72,0,4
2024-07-27,1111.91,1,5
2024-07-28,1149.97,1,6
2024-07-29,1044.82,0,0
2024-07-30,1266.49,0,1
2024-07-31,1263.4,0,2
2024-08-01,1224.02,0,3
2024-08-02,957.27,0,4
2024-08-03,963.37,1,5
2024-08-04,1078.2,1,6
2024-08-05,715.89,0,0
2024-08-06,1201.6,0,1
2024-08-07,835.11,0,2
2024-08-08,917.45,0,3
2024-08-09,959.49,0,4
2024-08-10,1029.21,1,5
2024-08-11,911.13,1,6
2024-08-12,924.28,0,0
2024-08-13,1287.1,0,1
2024-08-14,1138.48,0,2
2024-08-15,1301.22,0,3
2024-08-16,901.46,0,4
2024-08-17,1006.53,1,5
2024-08-18,1173.59,1,6
2024-08-19,996.57,0,0
2024-08-20,1038.01,0,1
2024-08-21,1164.34,0,2
2024-08-22,1062.03,0,3
2024-08-23,754.07,0,4
2024-08-24,926.38,1,5
2024-08-25,924.23,1,6
2024-08-26,1065.52,0,0
2024-08-27,1131.57,0,1
2024-08-28,1137.15,0,2
2024-08-29,1045.33,0,3
2024-08-30,903.48,0,4
2024-08-31,1002.07,1,5
2024-09-01,887.23,1,6
2024-09-02,860.33,0,0
2024-09-03,1230.25,0,1
2024-09-04,1116.14,0,2
2024-09-05,906.48,0,3
2024-09-06,918.04,0,4
2024-09-07,977.51,1,5
2024-09-08,825.26,1,6
2024-09-09,980.77,0,0
2024-09-10,1186.96,0,1
2024-09-11,1188.71,0,2
2024-09-12,1105.56,0,3
2024-09-13,727.72,0,4
2024-09-14,957.57,1,5
2024-09-15,941.74,1,6
2024-09-16,904.91,0,0
2024-09-17,1196.12,0,1
2024-09-18,1295.16,0,2
2024-09-19,1218.06,0,3
2024-09-20,996.19,0,4
2024-09-21,909.41,1,5
2024-09-22,1003.56,1,6
2024-09-23,1027.35,0,0
2024-09-24,1118.97,0,1
2024-09-25,1158.4,0,2
2024-09-26,1119.4,0,3
2024-09-27,857.49,0,4
2024-09-28,846.04,1,5
2024-09-29,925.82,1,6
2024-09-30,1013.69,0,0
2024-10-01,1107.09,0,1
2024-10-02,1179.6,0,2
2024-10-03,1104.59,0,3
2024-10-04,826.81,0,4
2024-10-05,995.9,1,5
2024-10-06,1006.85,1,6
2024-10-07,828.62,0,0
2024-10-08,1253.14,0,1
2024-10-09,1097.93,0,2
2024-10-10,874.81,0,3
2024-10-11,762.83,0,4
2024-10-12,822.19,1,5
2024-10-13,978.57,1,6
2024-10-14,928.68,0,0
2024-10-15,1079.49,0,1
2024-10-16,1214.55,0,2
2024-10-17,1079.18,0,3
2024-10-18,904.11,0,4
2024-10-19,971.94,1,5
2024-10-20,1042.01,1,6
2024-10-21,751.34,0,0
2024-10-22,1083.1,0,1
2024-10-23,941.22,0,2
2024-10-24,1055.75,0,3
2024-10-25,879.29,0,4
2024-10-26,1044.75,1,5
2024-10-27,1108.76,1,6
2024-10-28,990.52,0,0
2024-10-29,1077.89,0,1
2024-10-30,1216.42,0,2
2024-10-31,1008.3,0,3
2024-11-01,888.83,0,4
2024-11-02,1050.5,1,5
2024-11-03,946.24,1,6
2024-11-04,1060.84,0,0
2024-11-05,1205.96,0,1
2024-11-06,1082.97,0,2
2024-11-07,1169.29,0,3
2024-11-08,969.89,0,4
2024-11-09,976.05,1,5
2024-11-10,940.07,1,6
2024-11-11,906.16,0,0
2024-11-12,1096.51,0,1
2024-11-13,1245.01,0,2
2024-11-14,988.87,0,3
2024-11-15,956.55,0,4
2024-11-16,857.76,1,5
2024-11-17,1012.25,1,6
2024-11-18,1016.49,0,0
2024-11-19,1408.45,0,1
2024-11-20,1066.9,0,2
2024-11-21,1245.72,0,3
2024-11-22,942.08,0,4
2024-11-23,1040.99,1,5
2024-11-24,1062.69,1,6
2024-11-25,1064.89,0,0
2024-11-26,1163.65,0,1
2024-11-27,1365.3,0,2
2024-11-28,1068.32,0,3
2024-11-29,1055.94,0,4
2024-11-30,955.01,1,5
2024-12-01,1064.6,1,6
2024-12-02,929.34,0,0
2024-12-03,1240.8,0,1
2024-12-04,1380.84,0,2
2024-12-05,1122.82,0,3
2024-12-06,939.76,0,4
2024-12-07,928.9,1,5
2024-12-08,1068.79,1,6
2024-12-09,894.4,0,0
2024-12-10,1121.28,0,1
2024-12-11,1276.4,0,2
2024-12-12,1279.96,0,3
2024-12-13,1257.98,0,4
2024-12-14,1003.68,1,5
2024-12-15,1257.35,1,6
2024-12-16,1095.97,0,0
2024-12-17,1215.45,0,1
2024-12-18,1315.07,0,2
2024-12-19,1172.42,0,3
2024-12-20,1006.35,0,4
2024-12-21,1044.22,1,5
2024-12-22,996.81,1,6
2024-12-23,935.68,0,0
2024-12-24,1314.39,0,1
2024-12-25,1262.69,0,2
2024-12-26,1125.21,0,3
2024-12-27,1014.79,0,4
2024-12-28,1187.71,1,5
2024-12-29,1177.85,1,6
2024-12-30,1043.15,0,0
2024-12-31,1969.58,2,1
